name;content;mood;location;duration
20 pompes;Place les mains sous les épaules, garde le corps gainé et réalise 20 pompes complètes en contrôlant la descente. Commence par 1 à 2 minutes d'échauffement articulaire. Concentre-toi sur la qualité du mouvement plutôt que sur la vitesse. Respire régulièrement : inspire pendant la phase facile du mouvement et expire pendant l'effort. Si une douleur inhabituelle apparaît, arrête l'exercice et adapte l'intensité.  Pour cette séance de 15 minutes, cherche un rythme soutenu tout en conservant une technique irréprochable. Garde le tronc engagé, les épaules relâchées et récupère quelques secondes si nécessaire entre les séries. L'objectif est d'augmenter progressivement le rythme cardiaque et de développer l'endurance musculaire. Commence tranquillement et prends quelques secondes pour adopter la bonne posture. Cherche un rythme soutenu sans sacrifier la technique. Si ton souffle s'accélère, ralentis légèrement puis repars. Cette activité est prévue pour environ 15 minutes.;En forme;Maison;15
30 pompes;Réalise 30 pompes régulières en gardant le dos droit et le regard vers le sol. Commence par 1 à 2 minutes d'échauffement articulaire. Concentre-toi sur la qualité du mouvement plutôt que sur la vitesse. Respire régulièrement : inspire pendant la phase facile du mouvement et expire pendant l'effort. Si une douleur inhabituelle apparaît, arrête l'exercice et adapte l'intensité.  Pour cette séance de 30 minutes, cherche un rythme soutenu tout en conservant une technique irréprochable. Garde le tronc engagé, les épaules relâchées et récupère quelques secondes si nécessaire entre les séries. L'objectif est d'augmenter progressivement le rythme cardiaque et de développer l'endurance musculaire. Avant de démarrer, vérifie ton alignement et prépare ton espace. Travaille avec énergie et engagement. L'objectif est de faire monter progressivement le rythme cardiaque. Cette activité est prévue pour environ 30 minutes.;En forme;Maison;30
Challenge pompes 5 min;Effectue autant de séries de pompes que possible pendant 5 minutes avec une technique propre. Commence par 1 à 2 minutes d'échauffement articulaire. Concentre-toi sur la qualité du mouvement plutôt que sur la vitesse. Respire régulièrement : inspire pendant la phase facile du mouvement et expire pendant l'effort. Si une douleur inhabituelle apparaît, arrête l'exercice et adapte l'intensité.  Pour cette séance de 5 minutes, cherche un rythme soutenu tout en conservant une technique irréprochable. Garde le tronc engagé, les épaules relâchées et récupère quelques secondes si nécessaire entre les séries. L'objectif est d'augmenter progressivement le rythme cardiaque et de développer l'endurance musculaire. Installe-toi confortablement et concentre-toi sur la qualité d'exécution. Essaie de conserver une intensité régulière du début à la fin tout en gardant le contrôle du mouvement. Cette activité est prévue pour environ 5 minutes.;En forme;Maison;5
50 jumping jacks;Saute en écartant bras et jambes puis reviens à la position initiale. Enchaîne 50 répétitions. Commence par 1 à 2 minutes d'échauffement articulaire. Concentre-toi sur la qualité du mouvement plutôt que sur la vitesse. Respire régulièrement : inspire pendant la phase facile du mouvement et expire pendant l'effort. Si une douleur inhabituelle apparaît, arrête l'exercice et adapte l'intensité.  Pour cette séance de 15 minutes, cherche un rythme soutenu tout en conservant une technique irréprochable. Garde le tronc engagé, les épaules relâchées et récupère quelques secondes si nécessaire entre les séries. L'objectif est d'augmenter progressivement le rythme cardiaque et de développer l'endurance musculaire. Prends un instant pour te placer correctement avant la première répétition. Pense à engager les abdominaux et à maintenir une posture solide pendant toute la séance. Cette activité est prévue pour environ 15 minutes.;En forme;Maison;15
Jumping jacks intensifs;Maintiens un rythme soutenu pendant toute la séance. Commence par 1 à 2 minutes d'échauffement articulaire. Concentre-toi sur la qualité du mouvement plutôt que sur la vitesse. Respire régulièrement : inspire pendant la phase facile du mouvement et expire pendant l'effort. Si une douleur inhabituelle apparaît, arrête l'exercice et adapte l'intensité.  Pour cette séance de 30 minutes, cherche un rythme soutenu tout en conservant une technique irréprochable. Garde le tronc engagé, les épaules relâchées et récupère quelques secondes si nécessaire entre les séries. L'objectif est d'augmenter progressivement le rythme cardiaque et de développer l'endurance musculaire. Commence tranquillement et prends quelques secondes pour adopter la bonne posture. Cherche un rythme soutenu sans sacrifier la technique. Si ton souffle s'accélère, ralentis légèrement puis repars. Cette activité est prévue pour environ 30 minutes.;En forme;Maison;30
Montées de genoux rapides;Monte les genoux à hauteur des hanches en restant léger sur les appuis. Commence par 1 à 2 minutes d'échauffement articulaire. Concentre-toi sur la qualité du mouvement plutôt que sur la vitesse. Respire régulièrement : inspire pendant la phase facile du mouvement et expire pendant l'effort. Si une douleur inhabituelle apparaît, arrête l'exercice et adapte l'intensité.  Pour cette séance de 15 minutes, cherche un rythme soutenu tout en conservant une technique irréprochable. Garde le tronc engagé, les épaules relâchées et récupère quelques secondes si nécessaire entre les séries. L'objectif est d'augmenter progressivement le rythme cardiaque et de développer l'endurance musculaire. Avant de démarrer, vérifie ton alignement et prépare ton espace. Travaille avec énergie et engagement. L'objectif est de faire monter progressivement le rythme cardiaque. Cette activité est prévue pour environ 15 minutes.;En forme;Maison;15
Montées de genoux challenge;Maintiens un rythme cardio élevé pendant toute la durée. Commence par 1 à 2 minutes d'échauffement articulaire. Concentre-toi sur la qualité du mouvement plutôt que sur la vitesse. Respire régulièrement : inspire pendant la phase facile du mouvement et expire pendant l'effort. Si une douleur inhabituelle apparaît, arrête l'exercice et adapte l'intensité.  Pour cette séance de 30 minutes, cherche un rythme soutenu tout en conservant une technique irréprochable. Garde le tronc engagé, les épaules relâchées et récupère quelques secondes si nécessaire entre les séries. L'objectif est d'augmenter progressivement le rythme cardiaque et de développer l'endurance musculaire. Installe-toi confortablement et concentre-toi sur la qualité d'exécution. Essaie de conserver une intensité régulière du début à la fin tout en gardant le contrôle du mouvement. Cette activité est prévue pour environ 30 minutes.;En forme;Maison;30
Spider crawl dynamique;Depuis une position de pompe, avance en ramenant alternativement les genoux vers les coudes. Commence par 1 à 2 minutes d'échauffement articulaire. Concentre-toi sur la qualité du mouvement plutôt que sur la vitesse. Respire régulièrement : inspire pendant la phase facile du mouvement et expire pendant l'effort. Si une douleur inhabituelle apparaît, arrête l'exercice et adapte l'intensité.  Pour cette séance de 15 minutes, cherche un rythme soutenu tout en conservant une technique irréprochable. Garde le tronc engagé, les épaules relâchées et récupère quelques secondes si nécessaire entre les séries. L'objectif est d'augmenter progressivement le rythme cardiaque et de développer l'endurance musculaire. Prends un instant pour te placer correctement avant la première répétition. Pense à engager les abdominaux et à maintenir une posture solide pendant toute la séance. Cette activité est prévue pour environ 15 minutes.;En forme;Maison;15
Spider crawl challenge;Travaille gainage et coordination sur une séance complète. Commence par 1 à 2 minutes d'échauffement articulaire. Concentre-toi sur la qualité du mouvement plutôt que sur la vitesse. Respire régulièrement : inspire pendant la phase facile du mouvement et expire pendant l'effort. Si une douleur inhabituelle apparaît, arrête l'exercice et adapte l'intensité.  Pour cette séance de 30 minutes, cherche un rythme soutenu tout en conservant une technique irréprochable. Garde le tronc engagé, les épaules relâchées et récupère quelques secondes si nécessaire entre les séries. L'objectif est d'augmenter progressivement le rythme cardiaque et de développer l'endurance musculaire. Commence tranquillement et prends quelques secondes pour adopter la bonne posture. Cherche un rythme soutenu sans sacrifier la technique. Si ton souffle s'accélère, ralentis légèrement puis repars. Cette activité est prévue pour environ 30 minutes.;En forme;Maison;30
40 crunchs croisés;Coude droit vers genou gauche puis inverse. Contracte les abdominaux à chaque répétition. Commence par 1 à 2 minutes d'échauffement articulaire. Concentre-toi sur la qualité du mouvement plutôt que sur la vitesse. Respire régulièrement : inspire pendant la phase facile du mouvement et expire pendant l'effort. Si une douleur inhabituelle apparaît, arrête l'exercice et adapte l'intensité.  Pour cette séance de 15 minutes, cherche un rythme soutenu tout en conservant une technique irréprochable. Garde le tronc engagé, les épaules relâchées et récupère quelques secondes si nécessaire entre les séries. L'objectif est d'augmenter progressivement le rythme cardiaque et de développer l'endurance musculaire. Avant de démarrer, vérifie ton alignement et prépare ton espace. Travaille avec énergie et engagement. L'objectif est de faire monter progressivement le rythme cardiaque. Cette activité est prévue pour environ 15 minutes.;En forme;Maison;15
80 crunchs croisés;Version longue avec rythme régulier. Commence par 1 à 2 minutes d'échauffement articulaire. Concentre-toi sur la qualité du mouvement plutôt que sur la vitesse. Respire régulièrement : inspire pendant la phase facile du mouvement et expire pendant l'effort. Si une douleur inhabituelle apparaît, arrête l'exercice et adapte l'intensité.  Pour cette séance de 30 minutes, cherche un rythme soutenu tout en conservant une technique irréprochable. Garde le tronc engagé, les épaules relâchées et récupère quelques secondes si nécessaire entre les séries. L'objectif est d'augmenter progressivement le rythme cardiaque et de développer l'endurance musculaire. Installe-toi confortablement et concentre-toi sur la qualité d'exécution. Essaie de conserver une intensité régulière du début à la fin tout en gardant le contrôle du mouvement. Cette activité est prévue pour environ 30 minutes.;En forme;Maison;30
30 elbow-to-knee crunches;Ramène le coude opposé vers le genou relevé en contrôlant le mouvement. Commence par 1 à 2 minutes d'échauffement articulaire. Concentre-toi sur la qualité du mouvement plutôt que sur la vitesse. Respire régulièrement : inspire pendant la phase facile du mouvement et expire pendant l'effort. Si une douleur inhabituelle apparaît, arrête l'exercice et adapte l'intensité.  Pour cette séance de 15 minutes, cherche un rythme soutenu tout en conservant une technique irréprochable. Garde le tronc engagé, les épaules relâchées et récupère quelques secondes si nécessaire entre les séries. L'objectif est d'augmenter progressivement le rythme cardiaque et de développer l'endurance musculaire. Prends un instant pour te placer correctement avant la première répétition. Pense à engager les abdominaux et à maintenir une posture solide pendant toute la séance. Cette activité est prévue pour environ 15 minutes.;En forme;Maison;15
60 elbow-to-knee crunches;Version endurance pour les abdominaux. Commence par 1 à 2 minutes d'échauffement articulaire. Concentre-toi sur la qualité du mouvement plutôt que sur la vitesse. Respire régulièrement : inspire pendant la phase facile du mouvement et expire pendant l'effort. Si une douleur inhabituelle apparaît, arrête l'exercice et adapte l'intensité.  Pour cette séance de 30 minutes, cherche un rythme soutenu tout en conservant une technique irréprochable. Garde le tronc engagé, les épaules relâchées et récupère quelques secondes si nécessaire entre les séries. L'objectif est d'augmenter progressivement le rythme cardiaque et de développer l'endurance musculaire. Commence tranquillement et prends quelques secondes pour adopter la bonne posture. Cherche un rythme soutenu sans sacrifier la technique. Si ton souffle s'accélère, ralentis légèrement puis repars. Cette activité est prévue pour environ 30 minutes.;En forme;Maison;30
Bottoms up express;Soulève le bassin vers le plafond en ramenant les genoux vers la poitrine. Commence par 1 à 2 minutes d'échauffement articulaire. Concentre-toi sur la qualité du mouvement plutôt que sur la vitesse. Respire régulièrement : inspire pendant la phase facile du mouvement et expire pendant l'effort. Si une douleur inhabituelle apparaît, arrête l'exercice et adapte l'intensité.  Pour cette séance de 5 minutes, cherche un rythme soutenu tout en conservant une technique irréprochable. Garde le tronc engagé, les épaules relâchées et récupère quelques secondes si nécessaire entre les séries. L'objectif est d'augmenter progressivement le rythme cardiaque et de développer l'endurance musculaire. Avant de démarrer, vérifie ton alignement et prépare ton espace. Travaille avec énergie et engagement. L'objectif est de faire monter progressivement le rythme cardiaque. Cette activité est prévue pour environ 5 minutes.;En forme;Maison;5
Bottoms up endurance;Enchaîne les répétitions en gardant les abdominaux engagés. Commence par 1 à 2 minutes d'échauffement articulaire. Concentre-toi sur la qualité du mouvement plutôt que sur la vitesse. Respire régulièrement : inspire pendant la phase facile du mouvement et expire pendant l'effort. Si une douleur inhabituelle apparaît, arrête l'exercice et adapte l'intensité.  Pour cette séance de 15 minutes, cherche un rythme soutenu tout en conservant une technique irréprochable. Garde le tronc engagé, les épaules relâchées et récupère quelques secondes si nécessaire entre les séries. L'objectif est d'augmenter progressivement le rythme cardiaque et de développer l'endurance musculaire. Installe-toi confortablement et concentre-toi sur la qualité d'exécution. Essaie de conserver une intensité régulière du début à la fin tout en gardant le contrôle du mouvement. Cette activité est prévue pour environ 15 minutes.;En forme;Maison;15
Cross-over jacks;Variante du jumping jack avec croisement des bras et jambes. Commence par 1 à 2 minutes d'échauffement articulaire. Concentre-toi sur la qualité du mouvement plutôt que sur la vitesse. Respire régulièrement : inspire pendant la phase facile du mouvement et expire pendant l'effort. Si une douleur inhabituelle apparaît, arrête l'exercice et adapte l'intensité.  Pour cette séance de 15 minutes, cherche un rythme soutenu tout en conservant une technique irréprochable. Garde le tronc engagé, les épaules relâchées et récupère quelques secondes si nécessaire entre les séries. L'objectif est d'augmenter progressivement le rythme cardiaque et de développer l'endurance musculaire. Prends un instant pour te placer correctement avant la première répétition. Pense à engager les abdominaux et à maintenir une posture solide pendant toute la séance. Cette activité est prévue pour environ 15 minutes.;En forme;Maison;15
Cross-over jacks cardio;Maintiens un rythme élevé sans perdre la coordination. Commence par 1 à 2 minutes d'échauffement articulaire. Concentre-toi sur la qualité du mouvement plutôt que sur la vitesse. Respire régulièrement : inspire pendant la phase facile du mouvement et expire pendant l'effort. Si une douleur inhabituelle apparaît, arrête l'exercice et adapte l'intensité.  Pour cette séance de 30 minutes, cherche un rythme soutenu tout en conservant une technique irréprochable. Garde le tronc engagé, les épaules relâchées et récupère quelques secondes si nécessaire entre les séries. L'objectif est d'augmenter progressivement le rythme cardiaque et de développer l'endurance musculaire. Commence tranquillement et prends quelques secondes pour adopter la bonne posture. Cherche un rythme soutenu sans sacrifier la technique. Si ton souffle s'accélère, ralentis légèrement puis repars. Cette activité est prévue pour environ 30 minutes.;En forme;Maison;30
Marche sportive;Marche rapidement en balançant les bras. Commence par 1 à 2 minutes d'échauffement articulaire. Concentre-toi sur la qualité du mouvement plutôt que sur la vitesse. Respire régulièrement : inspire pendant la phase facile du mouvement et expire pendant l'effort. Si une douleur inhabituelle apparaît, arrête l'exercice et adapte l'intensité.  Pour cette séance de 15 minutes, cherche un rythme soutenu tout en conservant une technique irréprochable. Garde le tronc engagé, les épaules relâchées et récupère quelques secondes si nécessaire entre les séries. L'objectif est d'augmenter progressivement le rythme cardiaque et de développer l'endurance musculaire. Avant de démarrer, vérifie ton alignement et prépare ton espace. Travaille avec énergie et engagement. L'objectif est de faire monter progressivement le rythme cardiaque. Cette activité est prévue pour environ 15 minutes.;En forme;Extérieur;15
Marche sportive prolongée;Marche rapide continue en extérieur. Commence par 1 à 2 minutes d'échauffement articulaire. Concentre-toi sur la qualité du mouvement plutôt que sur la vitesse. Respire régulièrement : inspire pendant la phase facile du mouvement et expire pendant l'effort. Si une douleur inhabituelle apparaît, arrête l'exercice et adapte l'intensité.  Pour cette séance de 30 minutes, cherche un rythme soutenu tout en conservant une technique irréprochable. Garde le tronc engagé, les épaules relâchées et récupère quelques secondes si nécessaire entre les séries. L'objectif est d'augmenter progressivement le rythme cardiaque et de développer l'endurance musculaire. Installe-toi confortablement et concentre-toi sur la qualité d'exécution. Essaie de conserver une intensité régulière du début à la fin tout en gardant le contrôle du mouvement. Cette activité est prévue pour environ 30 minutes.;En forme;Extérieur;30
Shadow boxing;Enchaîne directs, crochets et esquives dans le vide. Commence par 1 à 2 minutes d'échauffement articulaire. Concentre-toi sur la qualité du mouvement plutôt que sur la vitesse. Respire régulièrement : inspire pendant la phase facile du mouvement et expire pendant l'effort. Si une douleur inhabituelle apparaît, arrête l'exercice et adapte l'intensité.  Pour cette séance de 15 minutes, cherche un rythme soutenu tout en conservant une technique irréprochable. Garde le tronc engagé, les épaules relâchées et récupère quelques secondes si nécessaire entre les séries. L'objectif est d'augmenter progressivement le rythme cardiaque et de développer l'endurance musculaire. Prends un instant pour te placer correctement avant la première répétition. Pense à engager les abdominaux et à maintenir une posture solide pendant toute la séance. Cette activité est prévue pour environ 15 minutes.;En forme;Maison;15
Shadow boxing cardio;Reste constamment en mouvement. Commence par 1 à 2 minutes d'échauffement articulaire. Concentre-toi sur la qualité du mouvement plutôt que sur la vitesse. Respire régulièrement : inspire pendant la phase facile du mouvement et expire pendant l'effort. Si une douleur inhabituelle apparaît, arrête l'exercice et adapte l'intensité.  Pour cette séance de 30 minutes, cherche un rythme soutenu tout en conservant une technique irréprochable. Garde le tronc engagé, les épaules relâchées et récupère quelques secondes si nécessaire entre les séries. L'objectif est d'augmenter progressivement le rythme cardiaque et de développer l'endurance musculaire. Commence tranquillement et prends quelques secondes pour adopter la bonne posture. Cherche un rythme soutenu sans sacrifier la technique. Si ton souffle s'accélère, ralentis légèrement puis repars. Cette activité est prévue pour environ 30 minutes.;En forme;Maison;30
20 squats;Descends les hanches sous la ligne des genoux puis remonte. Commence par 1 à 2 minutes d'échauffement articulaire. Concentre-toi sur la qualité du mouvement plutôt que sur la vitesse. Respire régulièrement : inspire pendant la phase facile du mouvement et expire pendant l'effort. Si une douleur inhabituelle apparaît, arrête l'exercice et adapte l'intensité.  Pour cette séance de 5 minutes, cherche un rythme soutenu tout en conservant une technique irréprochable. Garde le tronc engagé, les épaules relâchées et récupère quelques secondes si nécessaire entre les séries. L'objectif est d'augmenter progressivement le rythme cardiaque et de développer l'endurance musculaire. Avant de démarrer, vérifie ton alignement et prépare ton espace. Travaille avec énergie et engagement. L'objectif est de faire monter progressivement le rythme cardiaque. Cette activité est prévue pour environ 5 minutes.;En forme;Maison;5
50 squats;Travail d'endurance des jambes. Commence par 1 à 2 minutes d'échauffement articulaire. Concentre-toi sur la qualité du mouvement plutôt que sur la vitesse. Respire régulièrement : inspire pendant la phase facile du mouvement et expire pendant l'effort. Si une douleur inhabituelle apparaît, arrête l'exercice et adapte l'intensité.  Pour cette séance de 15 minutes, cherche un rythme soutenu tout en conservant une technique irréprochable. Garde le tronc engagé, les épaules relâchées et récupère quelques secondes si nécessaire entre les séries. L'objectif est d'augmenter progressivement le rythme cardiaque et de développer l'endurance musculaire. Installe-toi confortablement et concentre-toi sur la qualité d'exécution. Essaie de conserver une intensité régulière du début à la fin tout en gardant le contrôle du mouvement. Cette activité est prévue pour environ 15 minutes.;En forme;Maison;15
100 squats challenge;Conserve une bonne technique jusqu'à la dernière répétition. Commence par 1 à 2 minutes d'échauffement articulaire. Concentre-toi sur la qualité du mouvement plutôt que sur la vitesse. Respire régulièrement : inspire pendant la phase facile du mouvement et expire pendant l'effort. Si une douleur inhabituelle apparaît, arrête l'exercice et adapte l'intensité.  Pour cette séance de 30 minutes, cherche un rythme soutenu tout en conservant une technique irréprochable. Garde le tronc engagé, les épaules relâchées et récupère quelques secondes si nécessaire entre les séries. L'objectif est d'augmenter progressivement le rythme cardiaque et de développer l'endurance musculaire. Prends un instant pour te placer correctement avant la première répétition. Pense à engager les abdominaux et à maintenir une posture solide pendant toute la séance. Cette activité est prévue pour environ 30 minutes.;En forme;Maison;30
30 fentes alternées;Fais un grand pas en avant puis pousse pour revenir. Commence par 1 à 2 minutes d'échauffement articulaire. Concentre-toi sur la qualité du mouvement plutôt que sur la vitesse. Respire régulièrement : inspire pendant la phase facile du mouvement et expire pendant l'effort. Si une douleur inhabituelle apparaît, arrête l'exercice et adapte l'intensité.  Pour cette séance de 15 minutes, cherche un rythme soutenu tout en conservant une technique irréprochable. Garde le tronc engagé, les épaules relâchées et récupère quelques secondes si nécessaire entre les séries. L'objectif est d'augmenter progressivement le rythme cardiaque et de développer l'endurance musculaire. Commence tranquillement et prends quelques secondes pour adopter la bonne posture. Cherche un rythme soutenu sans sacrifier la technique. Si ton souffle s'accélère, ralentis légèrement puis repars. Cette activité est prévue pour environ 15 minutes.;En forme;Maison;15
60 fentes alternées;Travail complet des jambes et de l'équilibre. Commence par 1 à 2 minutes d'échauffement articulaire. Concentre-toi sur la qualité du mouvement plutôt que sur la vitesse. Respire régulièrement : inspire pendant la phase facile du mouvement et expire pendant l'effort. Si une douleur inhabituelle apparaît, arrête l'exercice et adapte l'intensité.  Pour cette séance de 30 minutes, cherche un rythme soutenu tout en conservant une technique irréprochable. Garde le tronc engagé, les épaules relâchées et récupère quelques secondes si nécessaire entre les séries. L'objectif est d'augmenter progressivement le rythme cardiaque et de développer l'endurance musculaire. Avant de démarrer, vérifie ton alignement et prépare ton espace. Travaille avec énergie et engagement. L'objectif est de faire monter progressivement le rythme cardiaque. Cette activité est prévue pour environ 30 minutes.;En forme;Maison;30
30 mountain climbers;Position de pompe, alterne rapidement les genoux vers la poitrine. Commence par 1 à 2 minutes d'échauffement articulaire. Concentre-toi sur la qualité du mouvement plutôt que sur la vitesse. Respire régulièrement : inspire pendant la phase facile du mouvement et expire pendant l'effort. Si une douleur inhabituelle apparaît, arrête l'exercice et adapte l'intensité.  Pour cette séance de 5 minutes, cherche un rythme soutenu tout en conservant une technique irréprochable. Garde le tronc engagé, les épaules relâchées et récupère quelques secondes si nécessaire entre les séries. L'objectif est d'augmenter progressivement le rythme cardiaque et de développer l'endurance musculaire. Installe-toi confortablement et concentre-toi sur la qualité d'exécution. Essaie de conserver une intensité régulière du début à la fin tout en gardant le contrôle du mouvement. Cette activité est prévue pour environ 5 minutes.;En forme;Maison;5
Mountain climbers cardio;Travail cardio et gainage continu. Commence par 1 à 2 minutes d'échauffement articulaire. Concentre-toi sur la qualité du mouvement plutôt que sur la vitesse. Respire régulièrement : inspire pendant la phase facile du mouvement et expire pendant l'effort. Si une douleur inhabituelle apparaît, arrête l'exercice et adapte l'intensité.  Pour cette séance de 15 minutes, cherche un rythme soutenu tout en conservant une technique irréprochable. Garde le tronc engagé, les épaules relâchées et récupère quelques secondes si nécessaire entre les séries. L'objectif est d'augmenter progressivement le rythme cardiaque et de développer l'endurance musculaire. Prends un instant pour te placer correctement avant la première répétition. Pense à engager les abdominaux et à maintenir une posture solide pendant toute la séance. Cette activité est prévue pour environ 15 minutes.;En forme;Maison;15
Mountain climbers challenge;Version endurance. Commence par 1 à 2 minutes d'échauffement articulaire. Concentre-toi sur la qualité du mouvement plutôt que sur la vitesse. Respire régulièrement : inspire pendant la phase facile du mouvement et expire pendant l'effort. Si une douleur inhabituelle apparaît, arrête l'exercice et adapte l'intensité.  Pour cette séance de 30 minutes, cherche un rythme soutenu tout en conservant une technique irréprochable. Garde le tronc engagé, les épaules relâchées et récupère quelques secondes si nécessaire entre les séries. L'objectif est d'augmenter progressivement le rythme cardiaque et de développer l'endurance musculaire. Commence tranquillement et prends quelques secondes pour adopter la bonne posture. Cherche un rythme soutenu sans sacrifier la technique. Si ton souffle s'accélère, ralentis légèrement puis repars. Cette activité est prévue pour environ 30 minutes.;En forme;Maison;30
20 burpees;Accroupissement, pompe, saut vertical. Commence par 1 à 2 minutes d'échauffement articulaire. Concentre-toi sur la qualité du mouvement plutôt que sur la vitesse. Respire régulièrement : inspire pendant la phase facile du mouvement et expire pendant l'effort. Si une douleur inhabituelle apparaît, arrête l'exercice et adapte l'intensité.  Pour cette séance de 15 minutes, cherche un rythme soutenu tout en conservant une technique irréprochable. Garde le tronc engagé, les épaules relâchées et récupère quelques secondes si nécessaire entre les séries. L'objectif est d'augmenter progressivement le rythme cardiaque et de développer l'endurance musculaire. Avant de démarrer, vérifie ton alignement et prépare ton espace. Travaille avec énergie et engagement. L'objectif est de faire monter progressivement le rythme cardiaque. Cette activité est prévue pour environ 15 minutes.;En forme;Maison;15
40 burpees challenge;Maintiens un rythme constant. Commence par 1 à 2 minutes d'échauffement articulaire. Concentre-toi sur la qualité du mouvement plutôt que sur la vitesse. Respire régulièrement : inspire pendant la phase facile du mouvement et expire pendant l'effort. Si une douleur inhabituelle apparaît, arrête l'exercice et adapte l'intensité.  Pour cette séance de 30 minutes, cherche un rythme soutenu tout en conservant une technique irréprochable. Garde le tronc engagé, les épaules relâchées et récupère quelques secondes si nécessaire entre les séries. L'objectif est d'augmenter progressivement le rythme cardiaque et de développer l'endurance musculaire. Installe-toi confortablement et concentre-toi sur la qualité d'exécution. Essaie de conserver une intensité régulière du début à la fin tout en gardant le contrôle du mouvement. Cette activité est prévue pour environ 30 minutes.;En forme;Maison;30
Skaters;Sauts latéraux contrôlés d'une jambe à l'autre. Commence par 1 à 2 minutes d'échauffement articulaire. Concentre-toi sur la qualité du mouvement plutôt que sur la vitesse. Respire régulièrement : inspire pendant la phase facile du mouvement et expire pendant l'effort. Si une douleur inhabituelle apparaît, arrête l'exercice et adapte l'intensité.  Pour cette séance de 15 minutes, cherche un rythme soutenu tout en conservant une technique irréprochable. Garde le tronc engagé, les épaules relâchées et récupère quelques secondes si nécessaire entre les séries. L'objectif est d'augmenter progressivement le rythme cardiaque et de développer l'endurance musculaire. Prends un instant pour te placer correctement avant la première répétition. Pense à engager les abdominaux et à maintenir une posture solide pendant toute la séance. Cette activité est prévue pour environ 15 minutes.;En forme;Maison;15
Skaters endurance;Travail de coordination et cardio. Commence par 1 à 2 minutes d'échauffement articulaire. Concentre-toi sur la qualité du mouvement plutôt que sur la vitesse. Respire régulièrement : inspire pendant la phase facile du mouvement et expire pendant l'effort. Si une douleur inhabituelle apparaît, arrête l'exercice et adapte l'intensité.  Pour cette séance de 30 minutes, cherche un rythme soutenu tout en conservant une technique irréprochable. Garde le tronc engagé, les épaules relâchées et récupère quelques secondes si nécessaire entre les séries. L'objectif est d'augmenter progressivement le rythme cardiaque et de développer l'endurance musculaire. Commence tranquillement et prends quelques secondes pour adopter la bonne posture. Cherche un rythme soutenu sans sacrifier la technique. Si ton souffle s'accélère, ralentis légèrement puis repars. Cette activité est prévue pour environ 30 minutes.;En forme;Maison;30
Bear crawl rapide;Déplacement à quatre appuis avec genoux décollés. Commence par 1 à 2 minutes d'échauffement articulaire. Concentre-toi sur la qualité du mouvement plutôt que sur la vitesse. Respire régulièrement : inspire pendant la phase facile du mouvement et expire pendant l'effort. Si une douleur inhabituelle apparaît, arrête l'exercice et adapte l'intensité.  Pour cette séance de 15 minutes, cherche un rythme soutenu tout en conservant une technique irréprochable. Garde le tronc engagé, les épaules relâchées et récupère quelques secondes si nécessaire entre les séries. L'objectif est d'augmenter progressivement le rythme cardiaque et de développer l'endurance musculaire. Avant de démarrer, vérifie ton alignement et prépare ton espace. Travaille avec énergie et engagement. L'objectif est de faire monter progressivement le rythme cardiaque. Cette activité est prévue pour environ 15 minutes.;En forme;Maison;15
High knees sprint;Montées de genoux très rapides. Commence par 1 à 2 minutes d'échauffement articulaire. Concentre-toi sur la qualité du mouvement plutôt que sur la vitesse. Respire régulièrement : inspire pendant la phase facile du mouvement et expire pendant l'effort. Si une douleur inhabituelle apparaît, arrête l'exercice et adapte l'intensité.  Pour cette séance de 5 minutes, cherche un rythme soutenu tout en conservant une technique irréprochable. Garde le tronc engagé, les épaules relâchées et récupère quelques secondes si nécessaire entre les séries. L'objectif est d'augmenter progressivement le rythme cardiaque et de développer l'endurance musculaire. Installe-toi confortablement et concentre-toi sur la qualité d'exécution. Essaie de conserver une intensité régulière du début à la fin tout en gardant le contrôle du mouvement. Cette activité est prévue pour environ 5 minutes.;En forme;Maison;5
Escaliers express;Monte et descends des escaliers à rythme soutenu. Commence par 1 à 2 minutes d'échauffement articulaire. Concentre-toi sur la qualité du mouvement plutôt que sur la vitesse. Respire régulièrement : inspire pendant la phase facile du mouvement et expire pendant l'effort. Si une douleur inhabituelle apparaît, arrête l'exercice et adapte l'intensité.  Pour cette séance de 15 minutes, cherche un rythme soutenu tout en conservant une technique irréprochable. Garde le tronc engagé, les épaules relâchées et récupère quelques secondes si nécessaire entre les séries. L'objectif est d'augmenter progressivement le rythme cardiaque et de développer l'endurance musculaire. Prends un instant pour te placer correctement avant la première répétition. Pense à engager les abdominaux et à maintenir une posture solide pendant toute la séance. Cette activité est prévue pour environ 15 minutes.;En forme;Extérieur;15
Escaliers endurance;Effort continu sur la durée. Commence par 1 à 2 minutes d'échauffement articulaire. Concentre-toi sur la qualité du mouvement plutôt que sur la vitesse. Respire régulièrement : inspire pendant la phase facile du mouvement et expire pendant l'effort. Si une douleur inhabituelle apparaît, arrête l'exercice et adapte l'intensité.  Pour cette séance de 30 minutes, cherche un rythme soutenu tout en conservant une technique irréprochable. Garde le tronc engagé, les épaules relâchées et récupère quelques secondes si nécessaire entre les séries. L'objectif est d'augmenter progressivement le rythme cardiaque et de développer l'endurance musculaire. Commence tranquillement et prends quelques secondes pour adopter la bonne posture. Cherche un rythme soutenu sans sacrifier la technique. Si ton souffle s'accélère, ralentis légèrement puis repars. Cette activité est prévue pour environ 30 minutes.;En forme;Extérieur;30
Course légère;Course confortable sans recherche de performance. Commence par 1 à 2 minutes d'échauffement articulaire. Concentre-toi sur la qualité du mouvement plutôt que sur la vitesse. Respire régulièrement : inspire pendant la phase facile du mouvement et expire pendant l'effort. Si une douleur inhabituelle apparaît, arrête l'exercice et adapte l'intensité.  Pour cette séance de 15 minutes, cherche un rythme soutenu tout en conservant une technique irréprochable. Garde le tronc engagé, les épaules relâchées et récupère quelques secondes si nécessaire entre les séries. L'objectif est d'augmenter progressivement le rythme cardiaque et de développer l'endurance musculaire. Avant de démarrer, vérifie ton alignement et prépare ton espace. Travaille avec énergie et engagement. L'objectif est de faire monter progressivement le rythme cardiaque. Cette activité est prévue pour environ 15 minutes.;En forme;Extérieur;15
Course continue;Maintiens une allure régulière. Commence par 1 à 2 minutes d'échauffement articulaire. Concentre-toi sur la qualité du mouvement plutôt que sur la vitesse. Respire régulièrement : inspire pendant la phase facile du mouvement et expire pendant l'effort. Si une douleur inhabituelle apparaît, arrête l'exercice et adapte l'intensité.  Pour cette séance de 30 minutes, cherche un rythme soutenu tout en conservant une technique irréprochable. Garde le tronc engagé, les épaules relâchées et récupère quelques secondes si nécessaire entre les séries. L'objectif est d'augmenter progressivement le rythme cardiaque et de développer l'endurance musculaire. Installe-toi confortablement et concentre-toi sur la qualité d'exécution. Essaie de conserver une intensité régulière du début à la fin tout en gardant le contrôle du mouvement. Cette activité est prévue pour environ 30 minutes.;En forme;Extérieur;30
Jump squat;Ajoute une impulsion explosive à chaque squat. Commence par 1 à 2 minutes d'échauffement articulaire. Concentre-toi sur la qualité du mouvement plutôt que sur la vitesse. Respire régulièrement : inspire pendant la phase facile du mouvement et expire pendant l'effort. Si une douleur inhabituelle apparaît, arrête l'exercice et adapte l'intensité.  Pour cette séance de 15 minutes, cherche un rythme soutenu tout en conservant une technique irréprochable. Garde le tronc engagé, les épaules relâchées et récupère quelques secondes si nécessaire entre les séries. L'objectif est d'augmenter progressivement le rythme cardiaque et de développer l'endurance musculaire. Prends un instant pour te placer correctement avant la première répétition. Pense à engager les abdominaux et à maintenir une posture solide pendant toute la séance. Cette activité est prévue pour environ 15 minutes.;En forme;Maison;15
Gainage 30 secondes;Maintiens une planche sur les avant-bras, corps parfaitement aligné. Commence par 1 à 2 minutes d'échauffement articulaire. Concentre-toi sur la qualité du mouvement plutôt que sur la vitesse. Respire régulièrement : inspire pendant la phase facile du mouvement et expire pendant l'effort. Si une douleur inhabituelle apparaît, arrête l'exercice et adapte l'intensité.  Pour cette séance de 5 minutes, privilégie la régularité et le contrôle. Exécute chaque répétition lentement, maintiens une posture stable et évite les mouvements brusques. L'objectif est de remettre le corps en mouvement sans générer une fatigue excessive. Commence tranquillement et prends quelques secondes pour adopter la bonne posture. Privilégie la fluidité plutôt que la vitesse. Chaque mouvement doit rester confortable et maîtrisé. Cette activité est prévue pour environ 5 minutes.;Mitigé;Maison;5
Gainage 1 minute;Contracte les abdominaux et évite de creuser le dos. Commence par 1 à 2 minutes d'échauffement articulaire. Concentre-toi sur la qualité du mouvement plutôt que sur la vitesse. Respire régulièrement : inspire pendant la phase facile du mouvement et expire pendant l'effort. Si une douleur inhabituelle apparaît, arrête l'exercice et adapte l'intensité.  Pour cette séance de 15 minutes, privilégie la régularité et le contrôle. Exécute chaque répétition lentement, maintiens une posture stable et évite les mouvements brusques. L'objectif est de remettre le corps en mouvement sans générer une fatigue excessive. Avant de démarrer, vérifie ton alignement et prépare ton espace. Garde une respiration calme et régulière afin de maintenir un effort modéré. Cette activité est prévue pour environ 15 minutes.;Mitigé;Maison;15
Gainage 2 minutes;Travail d'endurance du tronc. Commence par 1 à 2 minutes d'échauffement articulaire. Concentre-toi sur la qualité du mouvement plutôt que sur la vitesse. Respire régulièrement : inspire pendant la phase facile du mouvement et expire pendant l'effort. Si une douleur inhabituelle apparaît, arrête l'exercice et adapte l'intensité.  Pour cette séance de 30 minutes, privilégie la régularité et le contrôle. Exécute chaque répétition lentement, maintiens une posture stable et évite les mouvements brusques. L'objectif est de remettre le corps en mouvement sans générer une fatigue excessive. Installe-toi confortablement et concentre-toi sur la qualité d'exécution. Cherche la stabilité et le contrôle à chaque répétition plutôt que la performance. Cette activité est prévue pour environ 30 minutes.;Mitigé;Maison;30
20 glute bridges;Soulève les hanches en poussant dans les talons. Commence par 1 à 2 minutes d'échauffement articulaire. Concentre-toi sur la qualité du mouvement plutôt que sur la vitesse. Respire régulièrement : inspire pendant la phase facile du mouvement et expire pendant l'effort. Si une douleur inhabituelle apparaît, arrête l'exercice et adapte l'intensité.  Pour cette séance de 5 minutes, privilégie la régularité et le contrôle. Exécute chaque répétition lentement, maintiens une posture stable et évite les mouvements brusques. L'objectif est de remettre le corps en mouvement sans générer une fatigue excessive. Prends un instant pour te placer correctement avant la première répétition. L'objectif est de remettre le corps en mouvement sans générer une fatigue importante. Cette activité est prévue pour environ 5 minutes.;Mitigé;Maison;5
40 glute bridges;Concentre-toi sur la contraction des fessiers. Commence par 1 à 2 minutes d'échauffement articulaire. Concentre-toi sur la qualité du mouvement plutôt que sur la vitesse. Respire régulièrement : inspire pendant la phase facile du mouvement et expire pendant l'effort. Si une douleur inhabituelle apparaît, arrête l'exercice et adapte l'intensité.  Pour cette séance de 15 minutes, privilégie la régularité et le contrôle. Exécute chaque répétition lentement, maintiens une posture stable et évite les mouvements brusques. L'objectif est de remettre le corps en mouvement sans générer une fatigue excessive. Commence tranquillement et prends quelques secondes pour adopter la bonne posture. Privilégie la fluidité plutôt que la vitesse. Chaque mouvement doit rester confortable et maîtrisé. Cette activité est prévue pour environ 15 minutes.;Mitigé;Maison;15
60 glute bridges;Version endurance. Commence par 1 à 2 minutes d'échauffement articulaire. Concentre-toi sur la qualité du mouvement plutôt que sur la vitesse. Respire régulièrement : inspire pendant la phase facile du mouvement et expire pendant l'effort. Si une douleur inhabituelle apparaît, arrête l'exercice et adapte l'intensité.  Pour cette séance de 30 minutes, privilégie la régularité et le contrôle. Exécute chaque répétition lentement, maintiens une posture stable et évite les mouvements brusques. L'objectif est de remettre le corps en mouvement sans générer une fatigue excessive. Avant de démarrer, vérifie ton alignement et prépare ton espace. Garde une respiration calme et régulière afin de maintenir un effort modéré. Cette activité est prévue pour environ 30 minutes.;Mitigé;Maison;30
Cocoons contrôlés;Ramène simultanément genoux et buste puis reviens lentement. Commence par 1 à 2 minutes d'échauffement articulaire. Concentre-toi sur la qualité du mouvement plutôt que sur la vitesse. Respire régulièrement : inspire pendant la phase facile du mouvement et expire pendant l'effort. Si une douleur inhabituelle apparaît, arrête l'exercice et adapte l'intensité.  Pour cette séance de 5 minutes, privilégie la régularité et le contrôle. Exécute chaque répétition lentement, maintiens une posture stable et évite les mouvements brusques. L'objectif est de remettre le corps en mouvement sans générer une fatigue excessive. Installe-toi confortablement et concentre-toi sur la qualité d'exécution. Cherche la stabilité et le contrôle à chaque répétition plutôt que la performance. Cette activité est prévue pour environ 5 minutes.;Mitigé;Maison;5
30 cocoons;Travail abdominal modéré. Commence par 1 à 2 minutes d'échauffement articulaire. Concentre-toi sur la qualité du mouvement plutôt que sur la vitesse. Respire régulièrement : inspire pendant la phase facile du mouvement et expire pendant l'effort. Si une douleur inhabituelle apparaît, arrête l'exercice et adapte l'intensité.  Pour cette séance de 15 minutes, privilégie la régularité et le contrôle. Exécute chaque répétition lentement, maintiens une posture stable et évite les mouvements brusques. L'objectif est de remettre le corps en mouvement sans générer une fatigue excessive. Prends un instant pour te placer correctement avant la première répétition. L'objectif est de remettre le corps en mouvement sans générer une fatigue importante. Cette activité est prévue pour environ 15 minutes.;Mitigé;Maison;15
60 cocoons;Version longue. Commence par 1 à 2 minutes d'échauffement articulaire. Concentre-toi sur la qualité du mouvement plutôt que sur la vitesse. Respire régulièrement : inspire pendant la phase facile du mouvement et expire pendant l'effort. Si une douleur inhabituelle apparaît, arrête l'exercice et adapte l'intensité.  Pour cette séance de 30 minutes, privilégie la régularité et le contrôle. Exécute chaque répétition lentement, maintiens une posture stable et évite les mouvements brusques. L'objectif est de remettre le corps en mouvement sans générer une fatigue excessive. Commence tranquillement et prends quelques secondes pour adopter la bonne posture. Privilégie la fluidité plutôt que la vitesse. Chaque mouvement doit rester confortable et maîtrisé. Cette activité est prévue pour environ 30 minutes.;Mitigé;Maison;30
Wall sit 30 secondes;Dos contre un mur, cuisses parallèles au sol. Commence par 1 à 2 minutes d'échauffement articulaire. Concentre-toi sur la qualité du mouvement plutôt que sur la vitesse. Respire régulièrement : inspire pendant la phase facile du mouvement et expire pendant l'effort. Si une douleur inhabituelle apparaît, arrête l'exercice et adapte l'intensité.  Pour cette séance de 5 minutes, privilégie la régularité et le contrôle. Exécute chaque répétition lentement, maintiens une posture stable et évite les mouvements brusques. L'objectif est de remettre le corps en mouvement sans générer une fatigue excessive. Avant de démarrer, vérifie ton alignement et prépare ton espace. Garde une respiration calme et régulière afin de maintenir un effort modéré. Cette activité est prévue pour environ 5 minutes.;Mitigé;Maison;5
Wall sit 1 minute;Maintiens la position sans remonter. Commence par 1 à 2 minutes d'échauffement articulaire. Concentre-toi sur la qualité du mouvement plutôt que sur la vitesse. Respire régulièrement : inspire pendant la phase facile du mouvement et expire pendant l'effort. Si une douleur inhabituelle apparaît, arrête l'exercice et adapte l'intensité.  Pour cette séance de 15 minutes, privilégie la régularité et le contrôle. Exécute chaque répétition lentement, maintiens une posture stable et évite les mouvements brusques. L'objectif est de remettre le corps en mouvement sans générer une fatigue excessive. Installe-toi confortablement et concentre-toi sur la qualité d'exécution. Cherche la stabilité et le contrôle à chaque répétition plutôt que la performance. Cette activité est prévue pour environ 15 minutes.;Mitigé;Maison;15
Wall sit challenge;Travail d'endurance statique. Commence par 1 à 2 minutes d'échauffement articulaire. Concentre-toi sur la qualité du mouvement plutôt que sur la vitesse. Respire régulièrement : inspire pendant la phase facile du mouvement et expire pendant l'effort. Si une douleur inhabituelle apparaît, arrête l'exercice et adapte l'intensité.  Pour cette séance de 30 minutes, privilégie la régularité et le contrôle. Exécute chaque répétition lentement, maintiens une posture stable et évite les mouvements brusques. L'objectif est de remettre le corps en mouvement sans générer une fatigue excessive. Prends un instant pour te placer correctement avant la première répétition. L'objectif est de remettre le corps en mouvement sans générer une fatigue importante. Cette activité est prévue pour environ 30 minutes.;Mitigé;Maison;30
Side plank droite;Maintiens une planche latérale côté droit. Commence par 1 à 2 minutes d'échauffement articulaire. Concentre-toi sur la qualité du mouvement plutôt que sur la vitesse. Respire régulièrement : inspire pendant la phase facile du mouvement et expire pendant l'effort. Si une douleur inhabituelle apparaît, arrête l'exercice et adapte l'intensité.  Pour cette séance de 5 minutes, privilégie la régularité et le contrôle. Exécute chaque répétition lentement, maintiens une posture stable et évite les mouvements brusques. L'objectif est de remettre le corps en mouvement sans générer une fatigue excessive. Commence tranquillement et prends quelques secondes pour adopter la bonne posture. Privilégie la fluidité plutôt que la vitesse. Chaque mouvement doit rester confortable et maîtrisé. Cette activité est prévue pour environ 5 minutes.;Mitigé;Maison;5
Side plank gauche;Maintiens une planche latérale côté gauche. Commence par 1 à 2 minutes d'échauffement articulaire. Concentre-toi sur la qualité du mouvement plutôt que sur la vitesse. Respire régulièrement : inspire pendant la phase facile du mouvement et expire pendant l'effort. Si une douleur inhabituelle apparaît, arrête l'exercice et adapte l'intensité.  Pour cette séance de 5 minutes, privilégie la régularité et le contrôle. Exécute chaque répétition lentement, maintiens une posture stable et évite les mouvements brusques. L'objectif est de remettre le corps en mouvement sans générer une fatigue excessive. Avant de démarrer, vérifie ton alignement et prépare ton espace. Garde une respiration calme et régulière afin de maintenir un effort modéré. Cette activité est prévue pour environ 5 minutes.;Mitigé;Maison;5
Side plank alternée;Alterne les côtés. Commence par 1 à 2 minutes d'échauffement articulaire. Concentre-toi sur la qualité du mouvement plutôt que sur la vitesse. Respire régulièrement : inspire pendant la phase facile du mouvement et expire pendant l'effort. Si une douleur inhabituelle apparaît, arrête l'exercice et adapte l'intensité.  Pour cette séance de 15 minutes, privilégie la régularité et le contrôle. Exécute chaque répétition lentement, maintiens une posture stable et évite les mouvements brusques. L'objectif est de remettre le corps en mouvement sans générer une fatigue excessive. Installe-toi confortablement et concentre-toi sur la qualité d'exécution. Cherche la stabilité et le contrôle à chaque répétition plutôt que la performance. Cette activité est prévue pour environ 15 minutes.;Mitigé;Maison;15
Groiners mobilité;Saute les pieds vers les mains puis reviens. Commence par 1 à 2 minutes d'échauffement articulaire. Concentre-toi sur la qualité du mouvement plutôt que sur la vitesse. Respire régulièrement : inspire pendant la phase facile du mouvement et expire pendant l'effort. Si une douleur inhabituelle apparaît, arrête l'exercice et adapte l'intensité.  Pour cette séance de 5 minutes, privilégie la régularité et le contrôle. Exécute chaque répétition lentement, maintiens une posture stable et évite les mouvements brusques. L'objectif est de remettre le corps en mouvement sans générer une fatigue excessive. Prends un instant pour te placer correctement avant la première répétition. L'objectif est de remettre le corps en mouvement sans générer une fatigue importante. Cette activité est prévue pour environ 5 minutes.;Mitigé;Maison;5
Groiners fluides;Réalise le mouvement sans précipitation. Commence par 1 à 2 minutes d'échauffement articulaire. Concentre-toi sur la qualité du mouvement plutôt que sur la vitesse. Respire régulièrement : inspire pendant la phase facile du mouvement et expire pendant l'effort. Si une douleur inhabituelle apparaît, arrête l'exercice et adapte l'intensité.  Pour cette séance de 15 minutes, privilégie la régularité et le contrôle. Exécute chaque répétition lentement, maintiens une posture stable et évite les mouvements brusques. L'objectif est de remettre le corps en mouvement sans générer une fatigue excessive. Commence tranquillement et prends quelques secondes pour adopter la bonne posture. Privilégie la fluidité plutôt que la vitesse. Chaque mouvement doit rester confortable et maîtrisé. Cette activité est prévue pour environ 15 minutes.;Mitigé;Maison;15
Groiners endurance;Version longue. Commence par 1 à 2 minutes d'échauffement articulaire. Concentre-toi sur la qualité du mouvement plutôt que sur la vitesse. Respire régulièrement : inspire pendant la phase facile du mouvement et expire pendant l'effort. Si une douleur inhabituelle apparaît, arrête l'exercice et adapte l'intensité.  Pour cette séance de 30 minutes, privilégie la régularité et le contrôle. Exécute chaque répétition lentement, maintiens une posture stable et évite les mouvements brusques. L'objectif est de remettre le corps en mouvement sans générer une fatigue excessive. Avant de démarrer, vérifie ton alignement et prépare ton espace. Garde une respiration calme et régulière afin de maintenir un effort modéré. Cette activité est prévue pour environ 30 minutes.;Mitigé;Maison;30
Adduction couchée;Lève la jambe inférieure pour travailler l'intérieur de cuisse. Commence par 1 à 2 minutes d'échauffement articulaire. Concentre-toi sur la qualité du mouvement plutôt que sur la vitesse. Respire régulièrement : inspire pendant la phase facile du mouvement et expire pendant l'effort. Si une douleur inhabituelle apparaît, arrête l'exercice et adapte l'intensité.  Pour cette séance de 5 minutes, privilégie la régularité et le contrôle. Exécute chaque répétition lentement, maintiens une posture stable et évite les mouvements brusques. L'objectif est de remettre le corps en mouvement sans générer une fatigue excessive. Installe-toi confortablement et concentre-toi sur la qualité d'exécution. Cherche la stabilité et le contrôle à chaque répétition plutôt que la performance. Cette activité est prévue pour environ 5 minutes.;Mitigé;Maison;5
Adduction couchée longue;Mouvement lent et contrôlé. Commence par 1 à 2 minutes d'échauffement articulaire. Concentre-toi sur la qualité du mouvement plutôt que sur la vitesse. Respire régulièrement : inspire pendant la phase facile du mouvement et expire pendant l'effort. Si une douleur inhabituelle apparaît, arrête l'exercice et adapte l'intensité.  Pour cette séance de 15 minutes, privilégie la régularité et le contrôle. Exécute chaque répétition lentement, maintiens une posture stable et évite les mouvements brusques. L'objectif est de remettre le corps en mouvement sans générer une fatigue excessive. Prends un instant pour te placer correctement avant la première répétition. L'objectif est de remettre le corps en mouvement sans générer une fatigue importante. Cette activité est prévue pour environ 15 minutes.;Mitigé;Maison;15
Pont cervical léger;Version douce du neck bridge. Commence par 1 à 2 minutes d'échauffement articulaire. Concentre-toi sur la qualité du mouvement plutôt que sur la vitesse. Respire régulièrement : inspire pendant la phase facile du mouvement et expire pendant l'effort. Si une douleur inhabituelle apparaît, arrête l'exercice et adapte l'intensité.  Pour cette séance de 5 minutes, privilégie la régularité et le contrôle. Exécute chaque répétition lentement, maintiens une posture stable et évite les mouvements brusques. L'objectif est de remettre le corps en mouvement sans générer une fatigue excessive. Commence tranquillement et prends quelques secondes pour adopter la bonne posture. Privilégie la fluidité plutôt que la vitesse. Chaque mouvement doit rester confortable et maîtrisé. Cette activité est prévue pour environ 5 minutes.;Mitigé;Maison;5
Crunchs lents;Abdominaux contrôlés sans élan. Commence par 1 à 2 minutes d'échauffement articulaire. Concentre-toi sur la qualité du mouvement plutôt que sur la vitesse. Respire régulièrement : inspire pendant la phase facile du mouvement et expire pendant l'effort. Si une douleur inhabituelle apparaît, arrête l'exercice et adapte l'intensité.  Pour cette séance de 15 minutes, privilégie la régularité et le contrôle. Exécute chaque répétition lentement, maintiens une posture stable et évite les mouvements brusques. L'objectif est de remettre le corps en mouvement sans générer une fatigue excessive. Avant de démarrer, vérifie ton alignement et prépare ton espace. Garde une respiration calme et régulière afin de maintenir un effort modéré. Cette activité est prévue pour environ 15 minutes.;Mitigé;Maison;15
Crunchs endurance;Grand nombre de répétitions. Commence par 1 à 2 minutes d'échauffement articulaire. Concentre-toi sur la qualité du mouvement plutôt que sur la vitesse. Respire régulièrement : inspire pendant la phase facile du mouvement et expire pendant l'effort. Si une douleur inhabituelle apparaît, arrête l'exercice et adapte l'intensité.  Pour cette séance de 30 minutes, privilégie la régularité et le contrôle. Exécute chaque répétition lentement, maintiens une posture stable et évite les mouvements brusques. L'objectif est de remettre le corps en mouvement sans générer une fatigue excessive. Installe-toi confortablement et concentre-toi sur la qualité d'exécution. Cherche la stabilité et le contrôle à chaque répétition plutôt que la performance. Cette activité est prévue pour environ 30 minutes.;Mitigé;Maison;30
Talons-fesses;Course sur place en ramenant les talons aux fessiers. Commence par 1 à 2 minutes d'échauffement articulaire. Concentre-toi sur la qualité du mouvement plutôt que sur la vitesse. Respire régulièrement : inspire pendant la phase facile du mouvement et expire pendant l'effort. Si une douleur inhabituelle apparaît, arrête l'exercice et adapte l'intensité.  Pour cette séance de 15 minutes, privilégie la régularité et le contrôle. Exécute chaque répétition lentement, maintiens une posture stable et évite les mouvements brusques. L'objectif est de remettre le corps en mouvement sans générer une fatigue excessive. Prends un instant pour te placer correctement avant la première répétition. L'objectif est de remettre le corps en mouvement sans générer une fatigue importante. Cette activité est prévue pour environ 15 minutes.;Mitigé;Maison;15
Talons-fesses prolongés;Version cardio douce. Commence par 1 à 2 minutes d'échauffement articulaire. Concentre-toi sur la qualité du mouvement plutôt que sur la vitesse. Respire régulièrement : inspire pendant la phase facile du mouvement et expire pendant l'effort. Si une douleur inhabituelle apparaît, arrête l'exercice et adapte l'intensité.  Pour cette séance de 30 minutes, privilégie la régularité et le contrôle. Exécute chaque répétition lentement, maintiens une posture stable et évite les mouvements brusques. L'objectif est de remettre le corps en mouvement sans générer une fatigue excessive. Commence tranquillement et prends quelques secondes pour adopter la bonne posture. Privilégie la fluidité plutôt que la vitesse. Chaque mouvement doit rester confortable et maîtrisé. Cette activité est prévue pour environ 30 minutes.;Mitigé;Maison;30
Marche active;Bouge à un rythme confortable. Commence par 1 à 2 minutes d'échauffement articulaire. Concentre-toi sur la qualité du mouvement plutôt que sur la vitesse. Respire régulièrement : inspire pendant la phase facile du mouvement et expire pendant l'effort. Si une douleur inhabituelle apparaît, arrête l'exercice et adapte l'intensité.  Pour cette séance de 15 minutes, privilégie la régularité et le contrôle. Exécute chaque répétition lentement, maintiens une posture stable et évite les mouvements brusques. L'objectif est de remettre le corps en mouvement sans générer une fatigue excessive. Avant de démarrer, vérifie ton alignement et prépare ton espace. Garde une respiration calme et régulière afin de maintenir un effort modéré. Cette activité est prévue pour environ 15 minutes.;Mitigé;Maison;15
Marche active longue;Version récupération dynamique. Commence par 1 à 2 minutes d'échauffement articulaire. Concentre-toi sur la qualité du mouvement plutôt que sur la vitesse. Respire régulièrement : inspire pendant la phase facile du mouvement et expire pendant l'effort. Si une douleur inhabituelle apparaît, arrête l'exercice et adapte l'intensité.  Pour cette séance de 30 minutes, privilégie la régularité et le contrôle. Exécute chaque répétition lentement, maintiens une posture stable et évite les mouvements brusques. L'objectif est de remettre le corps en mouvement sans générer une fatigue excessive. Installe-toi confortablement et concentre-toi sur la qualité d'exécution. Cherche la stabilité et le contrôle à chaque répétition plutôt que la performance. Cette activité est prévue pour environ 30 minutes.;Mitigé;Maison;30
Mobilité des hanches;Petits mouvements contrôlés des hanches. Commence par 1 à 2 minutes d'échauffement articulaire. Concentre-toi sur la qualité du mouvement plutôt que sur la vitesse. Respire régulièrement : inspire pendant la phase facile du mouvement et expire pendant l'effort. Si une douleur inhabituelle apparaît, arrête l'exercice et adapte l'intensité.  Pour cette séance de 5 minutes, privilégie la régularité et le contrôle. Exécute chaque répétition lentement, maintiens une posture stable et évite les mouvements brusques. L'objectif est de remettre le corps en mouvement sans générer une fatigue excessive. Prends un instant pour te placer correctement avant la première répétition. L'objectif est de remettre le corps en mouvement sans générer une fatigue importante. Cette activité est prévue pour environ 5 minutes.;Mitigé;Maison;5
Mobilité épaules;Cercles lents et amples. Commence par 1 à 2 minutes d'échauffement articulaire. Concentre-toi sur la qualité du mouvement plutôt que sur la vitesse. Respire régulièrement : inspire pendant la phase facile du mouvement et expire pendant l'effort. Si une douleur inhabituelle apparaît, arrête l'exercice et adapte l'intensité.  Pour cette séance de 5 minutes, privilégie la régularité et le contrôle. Exécute chaque répétition lentement, maintiens une posture stable et évite les mouvements brusques. L'objectif est de remettre le corps en mouvement sans générer une fatigue excessive. Commence tranquillement et prends quelques secondes pour adopter la bonne posture. Privilégie la fluidité plutôt que la vitesse. Chaque mouvement doit rester confortable et maîtrisé. Cette activité est prévue pour environ 5 minutes.;Mitigé;Maison;5
Routine réveil musculaire;Enchaîne plusieurs mouvements doux. Commence par 1 à 2 minutes d'échauffement articulaire. Concentre-toi sur la qualité du mouvement plutôt que sur la vitesse. Respire régulièrement : inspire pendant la phase facile du mouvement et expire pendant l'effort. Si une douleur inhabituelle apparaît, arrête l'exercice et adapte l'intensité.  Pour cette séance de 15 minutes, privilégie la régularité et le contrôle. Exécute chaque répétition lentement, maintiens une posture stable et évite les mouvements brusques. L'objectif est de remettre le corps en mouvement sans générer une fatigue excessive. Avant de démarrer, vérifie ton alignement et prépare ton espace. Garde une respiration calme et régulière afin de maintenir un effort modéré. Cette activité est prévue pour environ 15 minutes.;Mitigé;Maison;15
Routine posture;Travail du maintien corporel. Commence par 1 à 2 minutes d'échauffement articulaire. Concentre-toi sur la qualité du mouvement plutôt que sur la vitesse. Respire régulièrement : inspire pendant la phase facile du mouvement et expire pendant l'effort. Si une douleur inhabituelle apparaît, arrête l'exercice et adapte l'intensité.  Pour cette séance de 15 minutes, privilégie la régularité et le contrôle. Exécute chaque répétition lentement, maintiens une posture stable et évite les mouvements brusques. L'objectif est de remettre le corps en mouvement sans générer une fatigue excessive. Installe-toi confortablement et concentre-toi sur la qualité d'exécution. Cherche la stabilité et le contrôle à chaque répétition plutôt que la performance. Cette activité est prévue pour environ 15 minutes.;Mitigé;Maison;15
Renforcement doux jambes;Exercices sans impact. Commence par 1 à 2 minutes d'échauffement articulaire. Concentre-toi sur la qualité du mouvement plutôt que sur la vitesse. Respire régulièrement : inspire pendant la phase facile du mouvement et expire pendant l'effort. Si une douleur inhabituelle apparaît, arrête l'exercice et adapte l'intensité.  Pour cette séance de 15 minutes, privilégie la régularité et le contrôle. Exécute chaque répétition lentement, maintiens une posture stable et évite les mouvements brusques. L'objectif est de remettre le corps en mouvement sans générer une fatigue excessive. Prends un instant pour te placer correctement avant la première répétition. L'objectif est de remettre le corps en mouvement sans générer une fatigue importante. Cette activité est prévue pour environ 15 minutes.;Mitigé;Maison;15
Renforcement doux tronc;Gainage et stabilité. Commence par 1 à 2 minutes d'échauffement articulaire. Concentre-toi sur la qualité du mouvement plutôt que sur la vitesse. Respire régulièrement : inspire pendant la phase facile du mouvement et expire pendant l'effort. Si une douleur inhabituelle apparaît, arrête l'exercice et adapte l'intensité.  Pour cette séance de 15 minutes, privilégie la régularité et le contrôle. Exécute chaque répétition lentement, maintiens une posture stable et évite les mouvements brusques. L'objectif est de remettre le corps en mouvement sans générer une fatigue excessive. Commence tranquillement et prends quelques secondes pour adopter la bonne posture. Privilégie la fluidité plutôt que la vitesse. Chaque mouvement doit rester confortable et maîtrisé. Cette activité est prévue pour environ 15 minutes.;Mitigé;Maison;15
Coordination légère;Mouvements simples et contrôlés. Commence par 1 à 2 minutes d'échauffement articulaire. Concentre-toi sur la qualité du mouvement plutôt que sur la vitesse. Respire régulièrement : inspire pendant la phase facile du mouvement et expire pendant l'effort. Si une douleur inhabituelle apparaît, arrête l'exercice et adapte l'intensité.  Pour cette séance de 15 minutes, privilégie la régularité et le contrôle. Exécute chaque répétition lentement, maintiens une posture stable et évite les mouvements brusques. L'objectif est de remettre le corps en mouvement sans générer une fatigue excessive. Avant de démarrer, vérifie ton alignement et prépare ton espace. Garde une respiration calme et régulière afin de maintenir un effort modéré. Cette activité est prévue pour environ 15 minutes.;Mitigé;Maison;15
Circuit mobilité;Alternance de mobilité et renforcement léger. Commence par 1 à 2 minutes d'échauffement articulaire. Concentre-toi sur la qualité du mouvement plutôt que sur la vitesse. Respire régulièrement : inspire pendant la phase facile du mouvement et expire pendant l'effort. Si une douleur inhabituelle apparaît, arrête l'exercice et adapte l'intensité.  Pour cette séance de 30 minutes, privilégie la régularité et le contrôle. Exécute chaque répétition lentement, maintiens une posture stable et évite les mouvements brusques. L'objectif est de remettre le corps en mouvement sans générer une fatigue excessive. Installe-toi confortablement et concentre-toi sur la qualité d'exécution. Cherche la stabilité et le contrôle à chaque répétition plutôt que la performance. Cette activité est prévue pour environ 30 minutes.;Mitigé;Maison;30
Étirement du cou;Incline doucement la tête vers une épaule et respire profondément. Commence par 1 à 2 minutes d'échauffement articulaire. Concentre-toi sur la qualité du mouvement plutôt que sur la vitesse. Respire régulièrement : inspire pendant la phase facile du mouvement et expire pendant l'effort. Si une douleur inhabituelle apparaît, arrête l'exercice et adapte l'intensité.  Pour cette séance de 5 minutes, prends le temps de respirer profondément et de relâcher les tensions. Cherche l'amplitude confortable plutôt que la performance. Chaque mouvement doit favoriser la mobilité, la récupération et la détente générale du corps. Prends un instant pour te placer correctement avant la première répétition. Laisse la respiration guider le rythme de l'exercice et évite toute douleur. Cette activité est prévue pour environ 5 minutes.;À plat;Maison;5
Étirement nuque avant;Amène lentement le menton vers la poitrine. Commence par 1 à 2 minutes d'échauffement articulaire. Concentre-toi sur la qualité du mouvement plutôt que sur la vitesse. Respire régulièrement : inspire pendant la phase facile du mouvement et expire pendant l'effort. Si une douleur inhabituelle apparaît, arrête l'exercice et adapte l'intensité.  Pour cette séance de 5 minutes, prends le temps de respirer profondément et de relâcher les tensions. Cherche l'amplitude confortable plutôt que la performance. Chaque mouvement doit favoriser la mobilité, la récupération et la détente générale du corps. Commence tranquillement et prends quelques secondes pour adopter la bonne posture. Respire profondément et profite de chaque mouvement pour relâcher les tensions accumulées. Cette activité est prévue pour environ 5 minutes.;À plat;Maison;5
Étirement fessiers assis;Croise une jambe et rapproche-la du buste. Commence par 1 à 2 minutes d'échauffement articulaire. Concentre-toi sur la qualité du mouvement plutôt que sur la vitesse. Respire régulièrement : inspire pendant la phase facile du mouvement et expire pendant l'effort. Si une douleur inhabituelle apparaît, arrête l'exercice et adapte l'intensité.  Pour cette séance de 5 minutes, prends le temps de respirer profondément et de relâcher les tensions. Cherche l'amplitude confortable plutôt que la performance. Chaque mouvement doit favoriser la mobilité, la récupération et la détente générale du corps. Avant de démarrer, vérifie ton alignement et prépare ton espace. Ne cherche pas la performance : concentre-toi sur les sensations et l'amplitude confortable. Cette activité est prévue pour environ 5 minutes.;À plat;Maison;5
Yoga plex découverte;Enchaînement lent pour le dos et les hanches. Commence par 1 à 2 minutes d'échauffement articulaire. Concentre-toi sur la qualité du mouvement plutôt que sur la vitesse. Respire régulièrement : inspire pendant la phase facile du mouvement et expire pendant l'effort. Si une douleur inhabituelle apparaît, arrête l'exercice et adapte l'intensité.  Pour cette séance de 5 minutes, prends le temps de respirer profondément et de relâcher les tensions. Cherche l'amplitude confortable plutôt que la performance. Chaque mouvement doit favoriser la mobilité, la récupération et la détente générale du corps. Installe-toi confortablement et concentre-toi sur la qualité d'exécution. Prends ton temps entre les mouvements afin de favoriser la récupération et la détente. Cette activité est prévue pour environ 5 minutes.;À plat;Maison;5
Cercles de hanches;À quatre pattes, réalise de grands cercles contrôlés. Commence par 1 à 2 minutes d'échauffement articulaire. Concentre-toi sur la qualité du mouvement plutôt que sur la vitesse. Respire régulièrement : inspire pendant la phase facile du mouvement et expire pendant l'effort. Si une douleur inhabituelle apparaît, arrête l'exercice et adapte l'intensité.  Pour cette séance de 5 minutes, prends le temps de respirer profondément et de relâcher les tensions. Cherche l'amplitude confortable plutôt que la performance. Chaque mouvement doit favoriser la mobilité, la récupération et la détente générale du corps. Prends un instant pour te placer correctement avant la première répétition. Laisse la respiration guider le rythme de l'exercice et évite toute douleur. Cette activité est prévue pour environ 5 minutes.;À plat;Maison;5
Étirement adducteurs;Transfère le poids du corps d'une jambe à l'autre. Commence par 1 à 2 minutes d'échauffement articulaire. Concentre-toi sur la qualité du mouvement plutôt que sur la vitesse. Respire régulièrement : inspire pendant la phase facile du mouvement et expire pendant l'effort. Si une douleur inhabituelle apparaît, arrête l'exercice et adapte l'intensité.  Pour cette séance de 5 minutes, prends le temps de respirer profondément et de relâcher les tensions. Cherche l'amplitude confortable plutôt que la performance. Chaque mouvement doit favoriser la mobilité, la récupération et la détente générale du corps. Commence tranquillement et prends quelques secondes pour adopter la bonne posture. Respire profondément et profite de chaque mouvement pour relâcher les tensions accumulées. Cette activité est prévue pour environ 5 minutes.;À plat;Maison;5
Respiration et mobilité;Associe respiration profonde et mouvements doux. Commence par 1 à 2 minutes d'échauffement articulaire. Concentre-toi sur la qualité du mouvement plutôt que sur la vitesse. Respire régulièrement : inspire pendant la phase facile du mouvement et expire pendant l'effort. Si une douleur inhabituelle apparaît, arrête l'exercice et adapte l'intensité.  Pour cette séance de 5 minutes, prends le temps de respirer profondément et de relâcher les tensions. Cherche l'amplitude confortable plutôt que la performance. Chaque mouvement doit favoriser la mobilité, la récupération et la détente générale du corps. Avant de démarrer, vérifie ton alignement et prépare ton espace. Ne cherche pas la performance : concentre-toi sur les sensations et l'amplitude confortable. Cette activité est prévue pour environ 5 minutes.;À plat;Maison;5
Mobilité cervicale;Petits mouvements du cou sans douleur. Commence par 1 à 2 minutes d'échauffement articulaire. Concentre-toi sur la qualité du mouvement plutôt que sur la vitesse. Respire régulièrement : inspire pendant la phase facile du mouvement et expire pendant l'effort. Si une douleur inhabituelle apparaît, arrête l'exercice et adapte l'intensité.  Pour cette séance de 5 minutes, prends le temps de respirer profondément et de relâcher les tensions. Cherche l'amplitude confortable plutôt que la performance. Chaque mouvement doit favoriser la mobilité, la récupération et la détente générale du corps. Installe-toi confortablement et concentre-toi sur la qualité d'exécution. Prends ton temps entre les mouvements afin de favoriser la récupération et la détente. Cette activité est prévue pour environ 5 minutes.;À plat;Maison;5
Isométrie du cou latérale;Pousse la tête contre la main sans bouger. Commence par 1 à 2 minutes d'échauffement articulaire. Concentre-toi sur la qualité du mouvement plutôt que sur la vitesse. Respire régulièrement : inspire pendant la phase facile du mouvement et expire pendant l'effort. Si une douleur inhabituelle apparaît, arrête l'exercice et adapte l'intensité.  Pour cette séance de 5 minutes, prends le temps de respirer profondément et de relâcher les tensions. Cherche l'amplitude confortable plutôt que la performance. Chaque mouvement doit favoriser la mobilité, la récupération et la détente générale du corps. Prends un instant pour te placer correctement avant la première répétition. Laisse la respiration guider le rythme de l'exercice et évite toute douleur. Cette activité est prévue pour environ 5 minutes.;À plat;Maison;5
Isométrie du cou avant/arrière;Résistance légère avec la main. Commence par 1 à 2 minutes d'échauffement articulaire. Concentre-toi sur la qualité du mouvement plutôt que sur la vitesse. Respire régulièrement : inspire pendant la phase facile du mouvement et expire pendant l'effort. Si une douleur inhabituelle apparaît, arrête l'exercice et adapte l'intensité.  Pour cette séance de 5 minutes, prends le temps de respirer profondément et de relâcher les tensions. Cherche l'amplitude confortable plutôt que la performance. Chaque mouvement doit favoriser la mobilité, la récupération et la détente générale du corps. Commence tranquillement et prends quelques secondes pour adopter la bonne posture. Respire profondément et profite de chaque mouvement pour relâcher les tensions accumulées. Cette activité est prévue pour environ 5 minutes.;À plat;Maison;5
Routine détente 5 min;Enchaînement d'étirements simples. Commence par 1 à 2 minutes d'échauffement articulaire. Concentre-toi sur la qualité du mouvement plutôt que sur la vitesse. Respire régulièrement : inspire pendant la phase facile du mouvement et expire pendant l'effort. Si une douleur inhabituelle apparaît, arrête l'exercice et adapte l'intensité.  Pour cette séance de 5 minutes, prends le temps de respirer profondément et de relâcher les tensions. Cherche l'amplitude confortable plutôt que la performance. Chaque mouvement doit favoriser la mobilité, la récupération et la détente générale du corps. Avant de démarrer, vérifie ton alignement et prépare ton espace. Ne cherche pas la performance : concentre-toi sur les sensations et l'amplitude confortable. Cette activité est prévue pour environ 5 minutes.;À plat;Maison;5
Routine détente 10 min;Version plus longue pour relâcher les tensions. Commence par 1 à 2 minutes d'échauffement articulaire. Concentre-toi sur la qualité du mouvement plutôt que sur la vitesse. Respire régulièrement : inspire pendant la phase facile du mouvement et expire pendant l'effort. Si une douleur inhabituelle apparaît, arrête l'exercice et adapte l'intensité.  Pour cette séance de 15 minutes, prends le temps de respirer profondément et de relâcher les tensions. Cherche l'amplitude confortable plutôt que la performance. Chaque mouvement doit favoriser la mobilité, la récupération et la détente générale du corps. Installe-toi confortablement et concentre-toi sur la qualité d'exécution. Prends ton temps entre les mouvements afin de favoriser la récupération et la détente. Cette activité est prévue pour environ 15 minutes.;À plat;Maison;15
Étirement hanches;Travail doux de mobilité des hanches. Commence par 1 à 2 minutes d'échauffement articulaire. Concentre-toi sur la qualité du mouvement plutôt que sur la vitesse. Respire régulièrement : inspire pendant la phase facile du mouvement et expire pendant l'effort. Si une douleur inhabituelle apparaît, arrête l'exercice et adapte l'intensité.  Pour cette séance de 5 minutes, prends le temps de respirer profondément et de relâcher les tensions. Cherche l'amplitude confortable plutôt que la performance. Chaque mouvement doit favoriser la mobilité, la récupération et la détente générale du corps. Prends un instant pour te placer correctement avant la première répétition. Laisse la respiration guider le rythme de l'exercice et évite toute douleur. Cette activité est prévue pour environ 5 minutes.;À plat;Maison;5
Étirement épaules;Ouvre progressivement la cage thoracique. Commence par 1 à 2 minutes d'échauffement articulaire. Concentre-toi sur la qualité du mouvement plutôt que sur la vitesse. Respire régulièrement : inspire pendant la phase facile du mouvement et expire pendant l'effort. Si une douleur inhabituelle apparaît, arrête l'exercice et adapte l'intensité.  Pour cette séance de 5 minutes, prends le temps de respirer profondément et de relâcher les tensions. Cherche l'amplitude confortable plutôt que la performance. Chaque mouvement doit favoriser la mobilité, la récupération et la détente générale du corps. Commence tranquillement et prends quelques secondes pour adopter la bonne posture. Respire profondément et profite de chaque mouvement pour relâcher les tensions accumulées. Cette activité est prévue pour environ 5 minutes.;À plat;Maison;5
Étirement dos;Mobilise lentement la colonne vertébrale. Commence par 1 à 2 minutes d'échauffement articulaire. Concentre-toi sur la qualité du mouvement plutôt que sur la vitesse. Respire régulièrement : inspire pendant la phase facile du mouvement et expire pendant l'effort. Si une douleur inhabituelle apparaît, arrête l'exercice et adapte l'intensité.  Pour cette séance de 5 minutes, prends le temps de respirer profondément et de relâcher les tensions. Cherche l'amplitude confortable plutôt que la performance. Chaque mouvement doit favoriser la mobilité, la récupération et la détente générale du corps. Avant de démarrer, vérifie ton alignement et prépare ton espace. Ne cherche pas la performance : concentre-toi sur les sensations et l'amplitude confortable. Cette activité est prévue pour environ 5 minutes.;À plat;Maison;5
Étirement jambes;Relâche quadriceps et ischios. Commence par 1 à 2 minutes d'échauffement articulaire. Concentre-toi sur la qualité du mouvement plutôt que sur la vitesse. Respire régulièrement : inspire pendant la phase facile du mouvement et expire pendant l'effort. Si une douleur inhabituelle apparaît, arrête l'exercice et adapte l'intensité.  Pour cette séance de 5 minutes, prends le temps de respirer profondément et de relâcher les tensions. Cherche l'amplitude confortable plutôt que la performance. Chaque mouvement doit favoriser la mobilité, la récupération et la détente générale du corps. Installe-toi confortablement et concentre-toi sur la qualité d'exécution. Prends ton temps entre les mouvements afin de favoriser la récupération et la détente. Cette activité est prévue pour environ 5 minutes.;À plat;Maison;5
Yoga doux;Séquence lente axée sur la respiration. Commence par 1 à 2 minutes d'échauffement articulaire. Concentre-toi sur la qualité du mouvement plutôt que sur la vitesse. Respire régulièrement : inspire pendant la phase facile du mouvement et expire pendant l'effort. Si une douleur inhabituelle apparaît, arrête l'exercice et adapte l'intensité.  Pour cette séance de 15 minutes, prends le temps de respirer profondément et de relâcher les tensions. Cherche l'amplitude confortable plutôt que la performance. Chaque mouvement doit favoriser la mobilité, la récupération et la détente générale du corps. Prends un instant pour te placer correctement avant la première répétition. Laisse la respiration guider le rythme de l'exercice et évite toute douleur. Cette activité est prévue pour environ 15 minutes.;À plat;Maison;15
Mobilité complète;Mobilise l'ensemble du corps sans effort intense. Commence par 1 à 2 minutes d'échauffement articulaire. Concentre-toi sur la qualité du mouvement plutôt que sur la vitesse. Respire régulièrement : inspire pendant la phase facile du mouvement et expire pendant l'effort. Si une douleur inhabituelle apparaît, arrête l'exercice et adapte l'intensité.  Pour cette séance de 15 minutes, prends le temps de respirer profondément et de relâcher les tensions. Cherche l'amplitude confortable plutôt que la performance. Chaque mouvement doit favoriser la mobilité, la récupération et la détente générale du corps. Commence tranquillement et prends quelques secondes pour adopter la bonne posture. Respire profondément et profite de chaque mouvement pour relâcher les tensions accumulées. Cette activité est prévue pour environ 15 minutes.;À plat;Maison;15
Pause récupération;Bouge doucement pour récupérer. Commence par 1 à 2 minutes d'échauffement articulaire. Concentre-toi sur la qualité du mouvement plutôt que sur la vitesse. Respire régulièrement : inspire pendant la phase facile du mouvement et expire pendant l'effort. Si une douleur inhabituelle apparaît, arrête l'exercice et adapte l'intensité.  Pour cette séance de 5 minutes, prends le temps de respirer profondément et de relâcher les tensions. Cherche l'amplitude confortable plutôt que la performance. Chaque mouvement doit favoriser la mobilité, la récupération et la détente générale du corps. Avant de démarrer, vérifie ton alignement et prépare ton espace. Ne cherche pas la performance : concentre-toi sur les sensations et l'amplitude confortable. Cette activité est prévue pour environ 5 minutes.;À plat;Maison;5
Relaxation active;Étirements et respiration. Commence par 1 à 2 minutes d'échauffement articulaire. Concentre-toi sur la qualité du mouvement plutôt que sur la vitesse. Respire régulièrement : inspire pendant la phase facile du mouvement et expire pendant l'effort. Si une douleur inhabituelle apparaît, arrête l'exercice et adapte l'intensité.  Pour cette séance de 15 minutes, prends le temps de respirer profondément et de relâcher les tensions. Cherche l'amplitude confortable plutôt que la performance. Chaque mouvement doit favoriser la mobilité, la récupération et la détente générale du corps. Installe-toi confortablement et concentre-toi sur la qualité d'exécution. Prends ton temps entre les mouvements afin de favoriser la récupération et la détente. Cette activité est prévue pour environ 15 minutes.;À plat;Maison;15
Routine anti-raideur;Mouvements articulaires doux. Commence par 1 à 2 minutes d'échauffement articulaire. Concentre-toi sur la qualité du mouvement plutôt que sur la vitesse. Respire régulièrement : inspire pendant la phase facile du mouvement et expire pendant l'effort. Si une douleur inhabituelle apparaît, arrête l'exercice et adapte l'intensité.  Pour cette séance de 15 minutes, prends le temps de respirer profondément et de relâcher les tensions. Cherche l'amplitude confortable plutôt que la performance. Chaque mouvement doit favoriser la mobilité, la récupération et la détente générale du corps. Prends un instant pour te placer correctement avant la première répétition. Laisse la respiration guider le rythme de l'exercice et évite toute douleur. Cette activité est prévue pour environ 15 minutes.;À plat;Maison;15
Souplesse hanches;Travail progressif de l'amplitude. Commence par 1 à 2 minutes d'échauffement articulaire. Concentre-toi sur la qualité du mouvement plutôt que sur la vitesse. Respire régulièrement : inspire pendant la phase facile du mouvement et expire pendant l'effort. Si une douleur inhabituelle apparaît, arrête l'exercice et adapte l'intensité.  Pour cette séance de 15 minutes, prends le temps de respirer profondément et de relâcher les tensions. Cherche l'amplitude confortable plutôt que la performance. Chaque mouvement doit favoriser la mobilité, la récupération et la détente générale du corps. Commence tranquillement et prends quelques secondes pour adopter la bonne posture. Respire profondément et profite de chaque mouvement pour relâcher les tensions accumulées. Cette activité est prévue pour environ 15 minutes.;À plat;Maison;15
Souplesse dos;Mobilité vertébrale légère. Commence par 1 à 2 minutes d'échauffement articulaire. Concentre-toi sur la qualité du mouvement plutôt que sur la vitesse. Respire régulièrement : inspire pendant la phase facile du mouvement et expire pendant l'effort. Si une douleur inhabituelle apparaît, arrête l'exercice et adapte l'intensité.  Pour cette séance de 15 minutes, prends le temps de respirer profondément et de relâcher les tensions. Cherche l'amplitude confortable plutôt que la performance. Chaque mouvement doit favoriser la mobilité, la récupération et la détente générale du corps. Avant de démarrer, vérifie ton alignement et prépare ton espace. Ne cherche pas la performance : concentre-toi sur les sensations et l'amplitude confortable. Cette activité est prévue pour environ 15 minutes.;À plat;Maison;15
Détente globale;Séance calme et sans impact. Commence par 1 à 2 minutes d'échauffement articulaire. Concentre-toi sur la qualité du mouvement plutôt que sur la vitesse. Respire régulièrement : inspire pendant la phase facile du mouvement et expire pendant l'effort. Si une douleur inhabituelle apparaît, arrête l'exercice et adapte l'intensité.  Pour cette séance de 30 minutes, prends le temps de respirer profondément et de relâcher les tensions. Cherche l'amplitude confortable plutôt que la performance. Chaque mouvement doit favoriser la mobilité, la récupération et la détente générale du corps. Installe-toi confortablement et concentre-toi sur la qualité d'exécution. Prends ton temps entre les mouvements afin de favoriser la récupération et la détente. Cette activité est prévue pour environ 30 minutes.;À plat;Maison;30
Retour au calme;Mouvements lents et respiration contrôlée. Commence par 1 à 2 minutes d'échauffement articulaire. Concentre-toi sur la qualité du mouvement plutôt que sur la vitesse. Respire régulièrement : inspire pendant la phase facile du mouvement et expire pendant l'effort. Si une douleur inhabituelle apparaît, arrête l'exercice et adapte l'intensité.  Pour cette séance de 30 minutes, prends le temps de respirer profondément et de relâcher les tensions. Cherche l'amplitude confortable plutôt que la performance. Chaque mouvement doit favoriser la mobilité, la récupération et la détente générale du corps. Prends un instant pour te placer correctement avant la première répétition. Laisse la respiration guider le rythme de l'exercice et évite toute douleur. Cette activité est prévue pour environ 30 minutes.;À plat;Maison;30
